name,rating ,basePrice ,category,profilePicture
Virat Kohli ,10,1000,Star_Indian_Batter,https://documents.iplt20.com/ipl/IPLHeadshot2025/2.png
Rohit Sharma ,10,1000,Star_Indian_Batter,https://upload.wikimedia.org/wikipedia/commons/thumb/1/1e/Prime_Minister_Of_Bharat_Shri_Narendra_Damodardas_Modi_with_Shri_Rohit_Gurunath_Sharma_%28Cropped%29.jpg/500px-Prime_Minister_Of_Bharat_Shri_Narendra_Damodardas_Modi_with_Shri_Rohit_Gurunath_Sharma_%28Cropped%29.jpg
Shubman Gill ,9.5,1000,Star_Indian_Batter,https://documents.iplt20.com/ipl/IPLHeadshot2025/62.png
Shreyas Iyer ,9.8,1000,Star_Indian_Batter,https://www.dailyexcelsior.com/wp-content/uploads/2025/10/page10-7-16.jpg
Suryakumar Yadav ,10,1000,Star_Indian_Batter,https://documents.iplt20.com/ipl/IPLHeadshot2025/174.png
Yashasvi Jaiswal ,9,1000,Star_Indian_Batter,https://documents.iplt20.com/ipl/IPLHeadshot2025/533.png
Abhishek Sharma ,9.8,1000,Star_Indian_Batter,https://documents.iplt20.com/ipl/IPLHeadshot2025/212.png
Tilak Verma ,9.6,1000,Star_Indian_Batter,https://documents.iplt20.com/ipl/IPLHeadshot2025/993.png
Ruturaj Gaikwad ,9.6,1000,Star_Indian_Batter,https://documents.iplt20.com/ipl/IPLHeadshot2025/102.png
Rajat Patidar ,9.5,1000,Star_Indian_Batter,https://documents.iplt20.com/ipl/IPLHeadshot2025/597.png
Sai Sudharshan ,9.4,1000,Star_Indian_Batter,https://documents.iplt20.com/ipl/IPLHeadshot2025/976.png
Rinku Singh ,9.6,1000,Star_Indian_Batter,https://encrypted-tbn0.gstatic.com/images?q=tbn:ANd9GcT4tD_RF8c-1K44TmUQXLimSkcFu2CLw2frLA&s
Philip Salt ,9.5,750,Foreign_Batters ,https://documents.iplt20.com/ipl/IPLHeadshot2025/1220.png
Travis Head ,9.7,750,Foreign_Batters ,https://d13ir53smqqeyp.cloudfront.net/fc-player-images/1443.png
Tim David ,9,750,Foreign_Batters ,https://documents.iplt20.com/ipl/IPLHeadshot2025/636.png
Tristan Stubbs ,8.5,750,Foreign_Batters ,https://documents.iplt20.com/ipl/IPLHeadshot2025/1017.png
Dewald Brevis ,8.5,750,Foreign_Batters ,https://documents.iplt20.com/ipl/IPLHeadshot2025/797.png
David Miller ,8.8,750,Foreign_Batters ,https://www.lucknowsupergiants.in/static-assets/images/players/5313.png?v=12.82
Nicholas Pooran ,9.4,750,Foreign_Batters ,"data:image/jpeg;base64,/9j/4AAQSkZJRgABAQAAAQABAAD/2wCEAAkGBxITEBITEhIWFhIWGBgVGBcYGBgWFxcgGxgYFxgVHRoYHSggGx8xGxcfITEhJSkrLi4uFyAzODMtNy0tLisBCgoKDg0OGxAQGy8lICUrLy83Ny0vKzAtNzU1Ky0vNy8vLS4tLy0tLy0tLS81Ly0tLS0tLy8tLS0tLS0tLS0vL//AABEIAOEA4QMBIgACEQEDEQH/xAAcAAEAAgMBAQEAAAAAAAAAAAAABQYDBAcCAQj/xABKEAABAwIEAwYCBQkEBwkAAAABAAIRAyEEEjFBBSJRBhMyYXGBkaEHQlKx8BQjM2JygqKywXOSwtEVNDVDdOHxJVNjs7TDxNLi/8QAGgEBAAMBAQEAAAAAAAAAAAAAAAIDBAEFBv/EADIRAAICAQIDBQgBBAMAAAAAAAABAhEDBCESMUEiMlGB8BMzYXGhscHRkQUUUrIjQuH/2gAMAwEAAhEDEQA/AO4oiIAiIgCIiAIiIAiIgCIiAIqZ29+kOhw6KYb32JcJ7sOyhg2c8wcs7CJPzXJMd9K3FHvzNrNpNvyMpsjXcvBJO2vsu0D9HIvzbS+lPioe135QHATLDTp5Xa2MNB32I0C6P2L+lnD1wyljIo1zbP8A7lx9Z5D+1bzSgdLRfAZuNF9XAEREAREQBERAEREAREQBERAEREAREQBERAEREAREQBc5+lD6QfyMHDYUg4pw5n2Iog7wbF8aA2Eydgbt2g4mMNhK+IN+6pufGmYgcrfcwPdfnXgvDziXvxFc5nPeXH9Yky5x9yuNpKyeODm6RDVsLXrufVdme9xzOcZLnE7lZGdm8QROT4mF0LCYZo8gpQCnEBVe1Zu/tYJbnKW9nK24j3X2vwWo1swbLpNek3osDmMKLJJsS00EtjV+inty/D12YPE1Jwz4ZTLpPdOmGNB2YdI0FjYSu7L849pOC0zTc9rYeNxafJdp+jnjbsZw3D1ql6kOpvP2nU3Fhf75c37yuTswzhwssqIiEAiIgCIiAIiIAiIgCIiAIiIAiIgCIiAIiIAiIgKd9LdDPwmuP1qJPn+fp/j2XNOCUclMrrf0gUs3DcUOjQ7+69rv6Lm2Fw4FAZpjLeNfxsqsj2NelW7Zjo4yjbvHho6kOg+lr+yl8PQovH5uo0jyKq2MxbizlweYX8WcuBBaL8pAkGQfI6KQ4LQ5hLS0gz9YN9QD/kFU0krNcZSboma2DY0S50dZ2UU7H4cOysc1x8p+8BbHaWm5zXPAM9JPTy9VVBhXM7t1Ol4y3OS0uyguh05d4h0CQRNwQA6UUcnJlgxlLO0jYiR5/iFd/odpZeHEf+PV+8KnYBjnlxezI4WBkcwFgbRtsQI0V++jSjkwDepq1vlUc37mq6JjzckWtERSMwREQBERAEREAREQBERAEREAREQBERAEREAREQFA7ZVKhq4lgrODDSLCyeSHMAjKbEy6c2ohReGoBzAFK9tXZK7wRyVGtLyNQIyg+nKVA8FxEtF5iRPmDCyybtnq40uGLXgSLMDaAJlfG4Eh0NFtSdFu1MS2mwucYVS4nxH8pMU6RrBrszdQxpA8RcNfJErJXRYsZgHAiIuNJ1nYTqotuBEkAAX9PZV7iHF6j3U31qFSKbmuBzOAaRrmFsw/5dL2Dg2Op1HEteHFxJ9PZSadEVJWSNHB8sk6KOwDQMVhzLnEYhjACSQwOqFzso+rLokjXMFL412VihexneVuIUnFuWhJyzq97fzheB0sBPkOq6/Agmt2/A7EiIrzzQiIgCIiAIiIAiIgCIiAIiIAiIgCIiAIiIAiIgIjjPCu8eyo0czeUiYJaTMA7HX4lcyrU3YbFVKTxlLnF438V9j1ldkXKfpkwZZUw9dn1g5rvVuUtPz+ShKCZoxZmml0I7jdXvXUaU2cTI6wJhZMLh4A7x4YBpoGeiptPjIOIZUOjQR6SPx8VYMZxWhVouYSHEj4dP6Kvhao2Qyp20br6bHmW1QSP2TP91R1DCGniab/AAuJM5dHCDBPmtfh9ahQZMiet9eij8Vx0vqAjQH5KSRDLlTW5buM40lmVt3us0eZsFfuy/Zo4fK55aXtDmjLJBk6mQNrLnPYOgcVj6Zd4GTU9cuWB8f6rtanGJly5HdIIiKRQEREAREQBERAEREAREQBERAEREAREQBERAEREAVN+kqgH0qIP2nD4t/5Kycc4rTwuGq4ir4KTS4gRJ6NE2kmAPMhchf29q8RrFjqbKdKnD2gEufJzDmcbabADVcmnwtluCvaJFG4zw91KoZByk2O34/HRR7HlpsdSfx8l0/iWBFWkWkTa39I6LmeOw72Pc1wMgxpHuo458S3LM+LgdrkeX4okeXRZuHNdUqtaBc2006m3kt3hnZ99XKTysN53IPT5fjW2YLhlOi2Kbb7u3Pv/RdlNLkcx4ZSdvkWn6NsO2niQ0CPzTgP7zT/AJrpi4riuM1cFSdiaIYajAIDwXNIJAdIBB0J3Giun0dfSAziIdTezusSxocWgy17ZjOw66xIOki5SFtWR1CqZdkRFIpCIiAIiIAiIgCIiAIiIAiIgCIiAIiIAiLxVqNa0ucQ1ouSTAHmSdEB7WHF4plJjqlRwYxolznGAAN5VO459I1CnLcO3vn/AGrhnt9Z3sPdcw7Q8cxGLdNarmIIIaDla2bWboPcZvNXw08pbvYrlkS5G72w7U1Me+o0PLcPmhlPSwMCo4a5jrB006qN7G4QMaCNXDM4+ZvE9ALfFRGDtULHQDe8CevuFZeytODVpunM0hwmRZwtr5g/JNbCsSa6GjQyXtd/AtdKlIWOrwtjxztBi9/LRZ6DtlnzFeVZ6rVkQ/DQbCAvPcrfqzKwOC6mcojuMYcPoPYdC0hUHs6+pQxBfTcWPbzMI1Fp31EO3sRquhcVqAUndSCB7qpcMwg76o4+Cnb1IDW+duW0x1npv0XanR52u2imdr7C9rW46iM4yYhrQXs0Dtu8ZOrSR7G3Qm0L8zUq7nVH1actdm5HNJBECAQW6bbfBXTs59JmIpgNrjvmdTaoBp4hY+jpP6y0ZNM+cTHHL4nZUUJwLtVhcXApVIf/AN2/lf8AD63q0lTazNNOmWp2ERFwBERAEREAREQBERAEREAXmo8NBLiAAJJJgADUkr5VqBrS5xAa0EkmwAFyT7LjfbDtS/FvIbmbh2nkZzNLv13jLc9BtbeSrcWJzZCc1FFx499IuHpS2g3vnj63hpjbxauv0EeYXPeLcfxOLeDXeS0ERTEtYOtvtD9aTqJKjGmKjQJOYSNd2h0RMm3mdNCshE5QNwYi9raAA2vsIt4Rtux4Ix3M8sjZqYjEENEXLjytte0x6TZa1Yw2DLnak9LR1BFh1i8ys+KpPNZjBd5Fm3AaQDcyB5GekrYrYMUWNe5wLnPgRaSSATMzG+nwXXkjxqDe7LIYMksbypdlc2adfBAva8uIdYwIzHzEiP3iYWxw/G5K4qsggeMNdmJaYknKMsgmbHQErUqcOqGrmqvBZqGNs0mTd0El2kguJcZnYrZoUnNDQCCWyWSS20uzNN+XQkGZBI2Ll3LhbuEivFm4WpxOk0WBwDm6G69PBFlWuB8XLG9ad5BmW9do+asbsS14DmmQV4WfBLE6Z7uHPHKrRjNIrUq79Vv55CjMc6AdAOqpovsiuK1crSXXAvGg8hO0mB7qtPzmmKbGmHcziQQXG19PMKR4xiszeWcoIdm9JuBuRBjzGkgBVLEcOfUY57HOLhqMxk6z9xP3SvX0mGeONtbs8fWZo5JUnsix4agGANm3pAPQ33/FhK1adB3MBcAx5Db/AC181j7P1nVQ1hJFRkkzzNqNjW9wRuAQIk7KQqYB9Nz3uaMhkgi41BIvcSQTHnutMc641CSp/H8EJ6OSx+1g+KPw6fNdPsarQQRsdvXX8AfFWzgH0g4rDw2o4V6Y+q8nOB5VLnykzpoq07DudmyiQIMAHmBJABE2NtreS8No3be5t/S8xJGaYtYaK6cIy2aMik0d/wCz/HqOLp56TrizmGzmHoR/UWUouDdn+IvwtQVqcAjWTAe2ACw/CNLHzC7hw3HMr0WVaZljxI6jqD5g2PovPz4fZvbkaMeTiNlERZy0IiIAiIgCIiAIiICkfSdxRzaTMOwwahl56NGg9yPg09Vzc0wA11rmBtFi0TGuzojZWrtpUL6mcy2am4vlDeWB5gB3v5qsYlrQ102Dbn0DgSJ6CDJ3BavQ0m+PzK9Zi9nNL4IwY2kHVaEDlLiJ1EFpgfB4HsvlShne1gl1yA7aQJL8sHMLRJnoDeFucQpyM2YODS8g2AjkJEXm5dbrHorB2O4VmAIABu2egacjj8WiPUqzPk4IN9SGlxLJkSlyW7+RE4ThApB1R0lzoZMaC5yDYE/joqpjHOrVwXnkbDRHhBsSB+9ufIenU+1mPp4ah3eXM945WX/vmPPS4JNh1HMxAymwJt/FTMfHN8D0XNNjjGPG95vr+iep1ksz9nBcOJcl+X6/Z6ouNua5iJN7hpOpF7k6zYXstkOiDlktMGdcuhEnm0MwZ9VrUW35TsL6EgfEH1I+O2U2BBsXFwAiPqubbbWNPgr7oyGQNIqBwJzct/QEQet2EfvbrZw/E30nQfcfaiWlw+AJ25jMLyWjpv7/AKRp/wAa+VHZjBAykzqSDAItbmOhtOmvSOTHCa4ZIljySg+KJMu40wsDg7aY3+eih8bj3PvUNhMCDAsJJB11APq5YKzZs2wGo8RneY0nzdt7rTdUcXC83NtT9YyC2/uCd5VGHTY8TtczRm1OTKqey+AxdSWkC2upEjlIE+XnN/dZcJ+hfG4f821I/osLjcR5eViQJEW3Btym9gvuGqnK6b8smIESLemu8/0WpOjK1seOHnu8QyqOrsw6gmo15/uD3U3geJU6jqmHdYlpDZ0qAtBBHQwZj/oIEuENcJkE+kS517ggxOnVOKYN4qGrSP5xha4AQfCJzCNIgQDr8lXmwxzxqXNcmadLqsmlm5Q3T5p8mSWI4c6nSLmtzC+zZsC4t8J2bAAF5WJj25mnVrgIFySJbaCBNidtiRCn+CcUpVS6kdS1pcLCczRL2gaDMTb6sx0UDicD3FSpRFyz85TJtLHEgCdBDhl846Qs+DLOMniyd5fU063TY+FZ8Hcl9PgbeAcYA9jExbaQBPTxFXn6NuK93UdhXnlfLmT9oCXN1OrROv1SqDRgPj6oBIJ2nTUEes7AHZSfCnP72kaQJry0tAiSRzAGI2EnaNtVpyQUocLPNi+GVo7ki+MMgL6vHN4REQBERAEREAWvxDECnSe86NaT/l81sKB7a4xtPCHMYD3Nbud80W8mlHfQniUXNKXKyhduazc4h7Xyc4Ii3jyi+hEAXVaquzBwAhr2wC4O5dWgm0TDWm5Fws/HsQ17w4WyWkixB9RywQHT0B3sI9hGuQA2gxzAy1szqDdvzPVelpYuONJ8ynXTU8z4XaVL6G3wui6q6ARLiHCSHZQ4AnV2zRtrbTQTfE+MfktZlLBlrqxp5C/WnQptfcNBPM9zmgEkgfm2CDqYM1SzDYuq3UhjG3JgPyB2rjsbLF2fZFAP+s6WiLWBJiZtqTzAiC1ThGM25Ppt+SnI3CEYL/tu/wCaS+nqjJjKz6z3VKjsz3C7tBADQRGgEi31bnXRa1ejYN9PPUtabRAMEa3vo1STW3LQBMjKAMpdO46mLyL9I1OwOAYiply0anScjg3UEWOUtuJ3HUlSlOMF2ml9CpJvkQlCnDAbklpPy/F9Vnb4j1k/zVlYWdjMY4ACllAES57L2jYk/JbbOwOJJkvpAybZn/acR4W2PNrfVUS12mi++v5JrFN9CoNYRGkEGxE/ZNm6Ecsy0+yzVoLNLwTPin82+DPT4R0Vg432UqYakKrqjHMzNBAkauDsxmG6NN4GqgaRBEamBYX2IIINovBnqrsOWGWPFB2iMouL3MVXURBEkDcCDAAE5fPqdlq1GiDe4BIE6QCJBiZE7wfvW38CDAEGQdREmxEjwu9ivJpHQ62B9ctIH71YcNFtMhxi8GQIECHOAPry+LX1SlTLZHlEezQfUco0nW4VzwnZJlXDMq0qxDntMhwBGYPeDBEEXOkOMQoTE9mcRSJAZnaAZNOHxGUhxFnN35nNlVLLB7J7lrwzS4mtiFNGekRvFtY1MZbxuL7aLfIsCdBETpbpIjT7LT6raPB3fkn5SHtDRVywc0zl8WYi9jsBvdYcuo2Nra305pkn3g/JWxreimRrVsOxru8Lu6NK7HgE7kZXADmbttYkaQBv8RxTcRQp4mmbsc6k+CbZmyB5jvG048nHzC8CgKjXNL2jO0snWM2YZotu7TWw3WSt2dOAoYqiXmrma2p3mQ02SRLAMxMgFoMjrEKnVV2JVun9Lo16KTanib7Li3XxSu1/BB4fFk07fWJi0kARE+xj4rr/AGUZSoYek9jAalWmyo4mSYe9rYzdBOg1iT58a4cwQ4g2YIjqIEz65fe42v1jgeZuGogy4/ksAC5OWu5w/hCTi5pWZJZPZptF54ZVLmGTMPqCfR5gewt7LbUX2fa4UzmEFznVIOoDnGJ9hPupRedlVTaRrxNuCb8AiIoFgREQBERAFA9saNF9FjKzC7M8Bga4tIdldcGCJyz4rdVPKC4/xNrHtZmYCG5i2oOU5s2Qh1gD+bdq4WnyizCrmiGTulL472IIoHEYeq19Nre8yvEEtDZPMDDjHWJjXWaKyxO8XBJN5iHSAZNgCf2o1C7jjQP9HVgG5A2jVaALwGtc0RHkJXE6wvnBF5g3sSC1zXF0nQ+QsDoDG3DNyuyicUqMGOc4YaqwN5XBrgADbI8vdYgR4HW+anOyhYDh8zRUaGtzMADsxylwbGjjpy+UnZRfGK3dO72nYWefW4ED4k+vksvZVwZ3RMDLVOZn2ctYy22lhp+yuzj2ZRXVfijrdpN9NvLn97L7Q4gKjqdSmX02d7IDAadMMbJyQIFWo8Nk6hrZ0i847tRQyNfD9szS3K5nWQ7WL2bM5XRMFQnCOFipiWszVXYfDtcWd44XlxptaGgDk5X3PiDdA03lqHZVkHvK1R7iBmPI2SHl82bPiMwSQTcyYI+XyexbqXr166k8XtatevXroYK3aZ+YBtJoHJmc6oIaKj8rSbfYDn9IAIJETDV+0zqxdSdUYKNW2ZoLTSYXvljnTGc0mG1jLxGhVtq8FoBjxlAL+bM7nIcGlrX8xu4STPUkr5SrYWkxjDUogNygS5gu0QDrrb5KEZY13YW/XzLHDI+cvX0KNxbjT6+DghoYzunEgZYc8vLabSbQ1gySASSqtSZLhex8tZAIJzanzP8AyV47W16H5PWLMRTqPqYhryGPbLQGBgZYmIDdba7SqPh2wZLhDRBmxFoEg6WHUyvpP6Wv+LlSv8Iy5bT3dmzSGu9zreeetr8FiczLeSZc2x2ANMmDo0aC/QXssuFMkjzP81dez1NiJm+kwLnbw7gtPVehWxUTPYzj7aJfSqZTSeA6DPI/q6GnK0t+sfst2kqycQFP6zKlMDQ2cwebXHmHUFtraEWXOniAS0AANJEWvlziBttIkg+Su3DqmHpU+7p1aQAIc4mq2mXOdkc6RU8PM2GwNHXvJWTNgTd2asOfJDuuj2Ayr+ZDaT2FxxRcHODXvk5i+SQWmYLbAm1hZSfC+HtAGUUQBawpNHny02WvtKxPYHiHAvMeEAVs0BmV8AWknNNr3G8aPG3VKdIOo5Qc0Zi0523aWkMcco0c0kCbtgiZUJYpSpJln9w43UV68PAhPpE4gX1GUWG1EkktEgu3y3mWxEbnN0CguM8fq1MEMM6r3kFkkCQ3NL207CDlYA0ne0+ejxWtVYxzi8FoBuddSfjJ1/ZKjH0crxTJlzTmqWHjcRm+AyiLaE7q9xjCKhXrx9eJTHinJ5H0/Kar7vyNnBOABaLwD57T/UrqfZ7tHhMPgabqrgatLvGBjeapAc8iGzYEbmBtK5hhgA0l0zbWHCIBNnAzcm3/AFExwjhL6zmc0B+dwtJcGFj6haDAdALZlzZnlnQdyKLj2nSIRu9kdH7M9o34jGva4BrDTdlZYxlcLk7yCT5W97kqR2YLadSh3bWtp1aVGoIkuJrNqODXOMl2UUT0HPo2Fd152WUXLsqkaYJpbhERVkwiIgCIiAKpcSwBxOMc0OimBUpvcwsc5v5trQwgzlJ7ypqPNW1cQ4hii7FYmoxzg7vahaWyHAEuGo05YvpYLTpotydeBXlkkty6NrNbwvHhptnqsAHMQHOFNsi+3ULmzjlJYbNJP6v1pgTpLeuhy+RUtie0GIqUTTc/NJa0lzQagDXyJd4zzDcn4iTpVWy8gmZiDoZBokOtod7LbCDVvxZnnK6IHiVQsYWumCLm0CWg/AyQfP1UnQeDUqEH6tMzoXWc0O6kkAN68i0OKsbmyQd9puYzgfEGNLaLX4QSW0m2zsc9pJ+zBzf+2Y28pKhLaZOO8Wi9UO01djH91kpBxc8lrZJJa461C7cRa3QBeH9o6zi7PWfBkDmIHjfaG62IVeYC5wieWbD/ACNvx6FbDOHVgA51J4GmYggbC+/1QbG8+qQ0+KDtQV/IrcpVzMrcTn5iSTpJm/IwEdXXabDp0XiqTFv2bROnhEfHK3pcqQwPAa9QZqNNz26SAcuhOW1gJIsItqtjH9n8TSZnfSIbYZrSNtfC0bZYA85V1pbWRp8yCaertDAJsdJi9x6OBHmvGSBLgZaSekckw3aJHmFYsJ2VxFdjX06bogjMS1pN2gxJGzYtZeR2QxLajaBaMxaSGy2CLtJkOgGJ0jrCcSTq1/J3hfOit4dxY8gHc2I0guEQBYS43EjyC2m1TMGTOma5v0ANxsbhvzUvi+w+NaJFEkC9nMJ9Ya6Z82ib3BWlwvgdWuXMpUyXiczXQI0BmSM17X0Oy4pLo1XzDi/A1nPsbiNDJEXAGogTAiGg/wBV8qVM0E9DoYixJtckWgh0Axopav2WxrXCaDySQLDObEGczZAEA2EC61OJcMr0WAVaTmWdcggE5C2x0OqcSb2Y4X4D/TFQUu6dkjKyiHZYcWtLIaHTtl3E2EGy8N49UAyPe8ssS1znQLh+hMD/APJWlUouucsiXQYkau/+/wDCtHGTq6dxN95Iv7HX3SqHM2eKlr6TY/ROOZ5H1Ws53z58oHu31EFRxJe9z3eKo4uO0AknfXT7plZamMMOY28Nc50+Ecj2gTtJMR5nZamDOvQAj15T9wI+PkqpSuRalUK9ev8A0mQ8BoN/vGlhm0N4vO+yvPYzDOrUaZY57alGvVcw08maHUWN+uS3LmuZsbDUhUWo2Dmvp1Imz99dWjVX36OsHVg1qOQ5XVKVVj3Ppyx7aTg9r2sJzB1M9bbhc1HcOYu8Wjh2MyxQpM7uHBjy0tzN8c8jiRTbbM0AuETABsrXQqZmNd1APxErn2LxmGoGM35VWhhc6xYXBlKmTu25oscQS+C2YBurl2c4h3+Ha86yQfjb+EhYZY5KPE1saFJN0SaIirJBERAEREBixLiGPLQSQ0kAakxYBcIp4FzQQ9rmkZGFjh4bxEOEixm0a7Lvi5V2zotqcRrT9UU22t9QO/xK3HqFhttWFp3mdJ0VZtS+niLS4G32XW85BE9Ndo+GqAT0zW0B1Fj00U6eEMcIzOGu4OocNwftH5LBX7PDUVItEAR9x+WnktC/qGJ9a8v0Rl/T8y6X5/sqPEqmYvBgEGRM+Z0IFodHXy3WpgT3rXd2ctRhJFpzSACPOYj91pUlx3B5ATIsNhAsSevmoXgLiw1Kh8IAd9529PmuxzRyS7LtEJ4Z412kWfs7xJwdRrsPM2HdJMnl9MoI9F2apxN/5cyhDTRqUS8SLzzSPSBpG64dgcL3dMNOrReDaSDI9L6+mmq7TSw731+H1mtlgouzu6TTGX5uUsyTq/B/Yhjb6Hns0zJTxtNlslapl8uUBv3LzTrVX8LqurznyVPEMpOuW0DdZuAVB+W8QaDbNTPvlcHfOyxcNxhxmBr9+1pILm8oIFmNcHXJvJ18lVK7bfjF/HkTXKvmZW0qzuG0BhzlqZKdwQ3YTdQ/BmYhnEqbcS8uf3TiL5rHNv6tKlcIypW4ZSbh35amVokOLYyuhwkXFgorhnD8RS4hhziH53PFQNOYvMNY4xJ8z81OHKaddfmRfNeXyJKMUOKf738mP7Rp/ofgOcfFfMHSDeL4iBAfQDz6zTBKyVuLVhxNlDMO6I0gT+jc7XXUL1SH/az/APhv8bFB3W/+JLb6njg3E61TE42i5wIYT3dgMtyALRI01vY3WlxXGOq8HNSqAahA0EXFbICBtYfevfZn/aWPHnP8SiuJ44HheXcV+7PxdUH48lNQXGqXWP2ON9n+T4MRPBKkNyhr2tMO8Q7xj3HS0lxEX0Xz6RMNRbw6nFGmyscmUNABBawnLmiSJht9yFsmkGcDM/Wh396uI/hhQf0oYsvr0WAw0Ug8er3Xj4Nv+qpJXK1/lL8EXsvJHJ8aTTpsYNSA53mTqT1uVmwRAgTt98T62ut7G8MdW4hhKQEis+nTsLeNveWvENM+nuvnGsB+T47FUbRTqvaNuWZZY6cjh5etlxusjQ5xs3e/Do5bwLzsfv8An5SVtYfGvDcrHuax0Zg0uDXASQCGkT0Am0m85io+hJGhd11/Ug3i8t089lnwoINxJ087ZrACLyy3rC03fMqrwJehOW8y6xiR5QTy/Ny6D9GOKOWtTgRy1B7y123QN6+q59hcK+Jy6AiXaiQZ8zc/edTbr/Z7s7Sw3O1zn1HCMxsIMGA0WAsNZNtVnz5scoOKdsthhnFptUTiIi880BERAEREAXJKtXvcTXqah1RxB8phv8IC6bxzFd1hq1QatpuI9YOX5wuZcNoBrQqcz6G3Rx5s2mmFgxNZfMTUA0WjXdylZjcVftMS4FovOvkCQ2fn81qYGh4mfbbl+Vj8TPupZ9IGliKrtM1Kg3oS4urO9wKI/vLRwP6QO6Cfx8V7Gih2LPG1s7yV4Gzw6p+bp2MgXE7tcQb7XH3nrNip9rMXlLG1XBo5GwGiABaIAPhiAL7qv4KnFPPENeXvb6Z3bfu5r2GaTsvbXagx8tjoZtqZ5uuoMrbGpJWYppxdErwniddjnFjy3N4nA3Mae+5ECEZxeuxhayo9rTzFrHOE2pzob2cR7BRrRJMnTaLwA4wZ1FhAM+RX2XNBva4nT7IgE7w0WdB11VjrwKtzdo8Tq02ksqOZa+VxaCRrBBF9spgrKeJVy8F1V5cDDTmcS25Y4gkyJj/qtFrwREcwsSfFbSQdvN1ukrxVeQJBvruZMyI3Mu+sQG3sufElZtu4pVD87qjg6BDi52cWvzTI3ixBG69N4vXzZxWqB8FpdmcHEQ1wEzMXGhIstJxm94gmd9iOY3+ADb7r7lIMASJdJGvijTc8u0JVnLNtvE6zamZtV7XOPM4PcHO/SakGT4Rqsf5bULH083KXExJuQS0EgmJsbzutTPoRe4G/SpsLzfRfKVWHGSPkNydZIF3EQJNiiaDs23cexDqXcuqTRgQ3plNts2WdwI+9eOIYx1UMq1HEuYAz92LaWIAnTW/mFoYmnlqTtOabg6EmwvPLrMifZZ8C8EuaYIcND562FjNriDa4CRpOjrd7njg3Ejh8fhsQaedtPM6JE87HTlm2Y5obO4FwDKnPpOwFKriMNjqL81HFUwMzRF2AQZ6lrogiR3Z9qziWA164ZJ/OubEyLOvEiQN4m0bCInMFRfU4fjWRag6li2i8McS5tUjoHMl0aS1xvMrJqlceOHgasFLJwS5WeeH8MpAA8x94HpDYt5KToUWicrQPQQtPhzwWBblFw6LxZZJz7zbPchjhDupIzLpvZ6vnwtF2+QNPq3lPzC5nT1V77E1Jw72/ZqED0IafvJV2JmXVraywoiK4whERAEREBCdtP9Rr+jf52qhYfwhEWfNzPQ0ndfzNPEa/H7lrYrf0RFSazQq/7Lf/AMd/8YqLoeJ/qPuKIvc0nukeBqves3OGf6lhvR3/AKheD4R+xU/lYiKzB7tef+xHVe88o/6o2KH6Fvo7/EvVT/ff2f8AVyItPQymLC/oh/aM+5q2Nn/2rf5mIi5Hl5HWeX/omfsf4F5xnhf+9/PURF39HDCzSr/Zt+4rLT1Z6M+56+ooxJGpW+r/AGR+9eaHjP8AbM/nKIj6euhFcjPgv0mM/t6n8yunZ/8A2bxr9it/5LkRZ9R7leRpj79/MrPCv0Q9lI0dPZEXgn0KM9JXfsL+jq/tD+VEV2Iy6rulnREV554REQH/2Q=="
Riyan Parag ,8.4,800,Normal_Indian_Batters ,https://documents.iplt20.com/ipl/IPLHeadshot2025/189.png
Sarfaraz Khan ,8,700,Normal_Indian_Batters ,https://documents.iplt20.com/ipl/IPLHeadshot2023/139.png
Devdutt Paddikal ,7.5,750,Normal_Indian_Batters ,https://documents.iplt20.com/ipl/IPLHeadshot2025/200.png
Nitish Rana ,7.5,800,Normal_Indian_Batters ,https://images.mykhel.com//webp/images/cricket/players/6/7686.jpg?v=5
Sameer Rizvi ,6,650,Normal_Indian_Batters ,https://encrypted-tbn0.gstatic.com/images?q=tbn:ANd9GcQazryE7dfTV2sGqzMqDYL6bipZF1dXWoiT8g&s
Prithvi Shaw ,7,700,Normal_Indian_Batters ,https://documents.iplt20.com/ipl/IPLHeadshot2024/51.png
Raghuvanshi ,8,700,Normal_Indian_Batters ,https://documents.iplt20.com/ipl/IPLHeadshot2025/787.png
Shashank Singh ,8.5,750,Normal_Indian_Batters ,https://documents.iplt20.com/ipl/IPLHeadshot2025/191.png
Manish Pandey ,8,800,Normal_Indian_Batters ,https://documents.iplt20.com/ipl/IPLHeadshot2025/16.png
Ajinkya Rahane ,7.5,800,Normal_Indian_Batters ,https://documents.iplt20.com/ipl/IPLHeadshot2025/44.png
Rahul Tripathi ,7,600,Normal_Indian_Batters ,https://static.toiimg.com/photo/120896424.cms
Ayush Badoni ,8,850,Normal_Indian_Batters ,https://ipltable.in/wp-content/uploads/2024/03/image-700x700.jpeg
Abdul Samad ,7,700,Normal_Indian_Batters ,https://documents.iplt20.com/ipl/IPLHeadshot2025/525.png
Vaibhav Suryavanshi ,8.5,850,Normal_Indian_Batters ,https://documents.iplt20.com/ipl/IPLHeadshot2025/3498.png
Prabhsimran Singh ,8,850,Normal_Indian_Batters ,https://documents.iplt20.com/ipl/IPLHeadshot2025/137.png
Nehal Wadhera ,8,700,Normal_Indian_Batters ,https://documents.iplt20.com/ipl/IPLHeadshot2025/1541.png
Priyansh Arya ,8.5,850,Normal_Indian_Batters ,https://documents.iplt20.com/ipl/IPLHeadshot2025/3571.png
Aniket Verma ,8,700,Normal_Indian_Batters ,https://documents.iplt20.com/ipl/IPLHeadshot2025/3576.png
Ayush Mhatre ,8.5,850,Normal_Indian_Batters ,https://documents.iplt20.com/ipl/IPLHeadshot2025/3497.png
Matthew Breetzke,7.5,800,Normal_Indian_Batters ,https://documents.iplt20.com/ipl/IPLHeadshot2025/2805.png
Tom Banton ,7.5,750,Normal_Indian_Batters ,https://img.ipl.com/upload/20251225/42fe699f9e7ef375f33734d3638404ab.jpg
Hardik Pandya ,10,1000,All_Rounders_Indian ,https://documents.iplt20.com/ipl/IPLHeadshot2025/54.png
Jaddu ,9.5,1000,All_Rounders_Indian ,https://upload.wikimedia.org/wikipedia/commons/2/2c/PM_Shri_Narendra_Modi_with_Ravindra_Jadeja_%28Cropped%29.jpg
Axar Patel ,9.5,1000,All_Rounders_Indian ,https://documents.iplt20.com/ipl/IPLHeadshot2025/110.png
Shivam Dubey ,9.4,900,All_Rounders_Indian ,https://documents.iplt20.com/ipl/IPLHeadshot2025/211.png
Krunal Pandya ,9.6,900,All_Rounders_Indian ,https://documents.iplt20.com/ipl/IPLHeadshot2025/17.png
Nkr Reddy ,8.5,800,All_Rounders_Indian ,https://documents.iplt20.com/ipl/IPLHeadshot2025/1944.png
Ashutosh Sharma ,8.5,750,All_Rounders_Indian ,https://documents.iplt20.com/ipl/IPLHeadshot2025/3109.png
Harshit Rana ,8,850,All_Rounders_Indian ,https://documents.iplt20.com/ipl/IPLHeadshot2025/1013.png
Washi Sundar ,8,850,All_Rounders_Indian ,https://documents.iplt20.com/ipl/IPLHeadshot2025/20.png
Rahul Tewatia ,8.5,850,All_Rounders_Indian ,https://documents.iplt20.com/ipl/IPLHeadshot2025/120.png
Sehbaz Ahmed ,7.5,700,All_Rounders_Indian ,https://img.ipl.com/upload/20251103/085f1ee900eb6e7bf6c2a12b502bb7a3.jpg
Naman Dhir ,7.5,700,All_Rounders_Indian ,https://documents.iplt20.com/ipl/IPLHeadshot2025/3107.png
Venky Iyer ,8.5,850,All_Rounders_Indian ,https://encrypted-tbn0.gstatic.com/images?q=tbn:ANd9GcQnGmCrrwE_emTLaqQihdxbmwteejjo858tng&s
Ramandip Singh ,7.5,700,All_Rounders_Indian ,https://images.mykhel.com/webp/images/cricket/players/1/13671.jpg?v=5
Mitch Santy ,8,900,Foreign_All_Rounders ,https://encrypted-tbn0.gstatic.com/images?q=tbn:ANd9GcRoAgx3_1v3Hr3zFQo5cNXsygZBCIcNNrNrag&s
Sam Curran ,7.5,900,Foreign_All_Rounders ,https://documents.iplt20.com/ipl/IPLHeadshot2025/138.png
Shepherd ,7.5,900,Foreign_All_Rounders ,https://documents.iplt20.com/ipl/IPLHeadshot2025/371.png
Mitch Marsh ,8,1000,Foreign_All_Rounders ,"data:image/jpeg;base64,/9j/4AAQSkZJRgABAQAAAQABAAD/2wCEAAkGBxMTEhUUEhMVFhUVGBcbFxUXGBYYFxcYGBcaGR0YFhgYHSggGBonHhggIjEiJSorLi4vGSszODMuNyg5LisBCgoKDg0OGxAQGzUlICYtNTEuNS8tLjUrLi0rNS0rMS8vLS8tNTUvLSsyLS0tLS8tLS0tLTUtLS0tLy01NS0tLf/AABEIAOEA4QMBIgACEQEDEQH/xAAcAAEAAgMBAQEAAAAAAAAAAAAABQYDBAcCAQj/xABEEAABAwIEAwUEBggEBgMAAAABAAIRAyEEEjFBBVFhBhMiMnEHQoGRFFJyobHBIzNic4KSsvCzwtHhFSQ0Q1OiFjXD/8QAGgEBAAMBAQEAAAAAAAAAAAAAAAIDBAEFBv/EADIRAAIBAgQDBwIFBQAAAAAAAAABAgMRBBIhMTJBYRMiUXGBkbHB8AUzNILhFCNCodH/2gAMAwEAAhEDEQA/AO4oiIAiIgCIiAIiIAiIgCIiAItHjHF6GFpOq4io2mxu7jr0aNXE8guX8Z9stPvW/RGmo1pMtIgPBA3NwddvnoeXOpNnXkXHMF7YqjnRXotpMm72S5wH1Q11sx5k/BXXgPtEwWKeKbHPa9xhrXNu462yztuYFkujri0W5ERdIhERAEREAREQBERAEREAREQBERAEREAREQBERAEREAXP/aN7R28PeKNJrKlaJdJkMnQOAM5iLxyMq3do+MMwmGqV6htTbIH1nGzWjqSQPivy/wAWLsRWc95L6lVxc6NSSZPoNugHRRbsThG5rdpe0mJxtQ1K9QuJIsLNAGga3YKPZmEQRf5qz4HsRiHDO5gDBBdJuG7n4C8dF8d2aLXG1xYiCYPMbkb7qLki+NGRDwcvrzusDidiprE8Lc0SRbpEQovE0SDyXLoODW51b2O9twwfRcVUiY7t731DYCzAMpa3pcLs4M6L8pdn+L1cLV7ymym8x5ajA9sTJEG4PUFfpLsbx36ZhmVi3K4+ZsERuIuZBBBBm4O2immUTXMnERFIgEREAREQBERAEREAREQBERAEREAREQBERAEREByv2616nd4elH6J5e4nm9oblEdGl3zVL7A8L72q6rl8DCGt6mJn5wum+1/hT6uEbUZH6F4c6dSILRHoXadVAdicN3WGGwkn/VVTNeHLXhqDWtj+yVE4jh9EEwBHLkenIL1/xmkLuJjoCfyWy2pSqeWfko7mtES/AUtwDOthf16qvcW7KU3SaQjoNvRW3iGKp0gSQTGvT15KLoYutUh7KXg552O/pNlFHJM5hjcIaZ8Wo8w/P039Cv0b2R4O3C4WlTbqGNn1PiP3krlvbThLa2Hc8CHZT0sRv1XZ8IyGMHJrR8gromGtuZURFMoCIiAIiIAiIgCIiAIiIAiIgCIiAIiIAiIgCIiAi+01Nr8LWpvdGem9o3M5TEDcyqRwBodTFMgiDdpsQNYI52Vx44SKlI7GR8bH8AVDilFYuiM1vUtt+BA+CrmbaMLRzeJDcdwuIeHNotYGiA3OfCbG4E2IMG4MiRaxOTgbXs8J22N4tt9/wKnqtGTuB66rWrMDbCANzoBfnuVBo0IqvaSkXVqLnAupNMOZtJ949Vm4JwypT8XeBxLidLZDEMFrAXiZ13IzKX4lTyk6Eb6aTExyXvDYeNAlgzS4lh8xDIBDplugOhgnYHRW3gHF31Tkq5MxbmaWAhpEwRBJKqXaCuGMc6YytcfW0Bo6kkNEXk2WbsBTdUrMqtzd2yjaf2nvA+MBSUnexVKlF03JnQ0RFaeeEREAREQBERAEREAREQBERAEREAREQBERAEREBrcRwveMI31Hr+U6fFVXEeAMkmS+IcQTZrpvAvb7lc1Se2fAgMTQxlMHMHPbVg2LTSdDiNJlrWz1HJQktDRRqW7pu1cU1rC5xsBMqoYvieIxLmtoMDGA2e4C+U7TzU5VpipSc2YB36heuGYHuWDJUI0LjZ0m1/EDExtCqWrN0XZFX4wMW1+eGuGUBzRlIO5jfX8VO8B4wKrSC3K5uoK2MbQbXGWo8vbu0eEG83IAOy1MLw+nRkMtqANgOSNWZxy01NgYR9ao3I3MBc6W8QIN+RAVw4JwtuHp5W6uJc4kkyTtJ2AsOQCh+ybf0j/sj8VaFbFczFWqPh5BERTM4REQBERAEREAREQBERAEREAREQBERAEREAREQBaHHR+gf/D/AFBb6he0PFqDGmk+tTbUqWZTLhncdbN12XHsShxIrD6hpl1pabjp0WOni3Ob4XQDqeqkqtIOCh8Rws3NN2WdettY/v7lSj0G7M+kvYfOes3XgYgl0amNR1Kwf8PrySXgCdhz9Z/sraw+GywB/c7lDjldk92QEVXAmZYT8nNVsVDo8doYJ3e4hxZTIDC7K50FxESGgmJHJXbCYplVjalJ7XseJa9pBa4HcEaq2OxjrcRmREUioIiIAiIgCIiAIiIAiIgCIiAIiIAiIgCIiAItbiGPpUGGpWe1jBq5xgdAOZOwFyuNe0f2p1Hs7jBDu21Jb3p/WEDUtg+Abbn0Uowb1Rxuxm9q3tJf3n0PAVMoE99Xbrb/ALdI7aXcPQaX0fZ12VDWDG1TmqvZLZ90OvM6lxGpPp60PhuGytlw1BBJ1nYjlawA26LrnYHHh+Aa3dgLflou4mDhFW5l+EtKTb5FopifivrWxIWSm2wXsBZUbGadQevxK1hTvMKRqNssJaBqjOJFJ9p7YwLwPefSA9c4NvlPwVc9nfbJ+AxPcvcTh3uhzIJAnWowbPFyQPMLQSBG/wBv+KCtWZQbdtI5iBeakeEEcoP/ALKj9oKYz08oymQbbREbarfQo/2sz5nn4mpeplXI/VOAx9KuwPo1GVGH3mEOE8raHotlfl/gvF62HqufQqOpnM6C02gOMBwMhw5Agi+i6x2X9qDHxTxoFN2gqtByH7bblh+Y9FyVBpXWpWprmdIReKNVr2hzHBzXCQ5pBBB3BFiF7VBMIiIAiIgCIiAIiIAiIgCIiAIiIAufdqPaU2k40sG1tV4kGq4nu2n9kC9T5gciU9qXaV1JowtEw+oJqkTIpmRkEbugzyaOsrlGLOWMsGZ52E9N4k+nzWujQUlmkVTqWdkbXGeM1sQ/PiarqhHoGtBgENaLNtfrCq3EH/phmb5Wkc7gX+8n4K1cG4K6oczwMomReHOk+G+wkz8Fqdo2g4htJtMZ2jzTrPihuVwEepvO29sXnqdlBbb+CLZYdwodvN2vsub8vv6XjcNiwTLgctxItG9tIHSRpurj7OawaXUybu8TAdHga5TAEi1uvQqsNwBHmcQRPksedj5h8DedpM7ODaG+UeY3gzcwC4mSC62uqsq0O1VpFFOt2bvE7VQxbfKbHkbLLVO65JhcdiR4qVVxgfq3kOE5QfDPlgu9Pkp/h3bJzgGVWQSLETrt6jrbbSV508HVjtqehDGU5b6F8aQQqZ2m7UtpksYcxEiwkTE7bDXl1UXxPj1UsLS4NbvBiemex6fOZi9axLc0g2nXbURfl6WB+sYCupYF7z9imrjVtD3NHUklxLj5nGQbzJBMt1B1I/Ba2OwrnEESYMRcmTB0iT8J/wBZmhhxpIJJFt4LryLbuOwhZuGua0uDoaKlKqzOQfAalJuV8jQioG32k6L0ez7tjz3PW5AYOg4PqSYBcSdC0zcg/wAvxW6+nNxHL9k3MSSfDaD8bKZ7J0BWw3fOpwQSx+ozwG+O0Rd0TzC1uM8OGHfA8ty0xeDO4uSNN9dFiw9WV3Sqq0vlHp4zDU1BV6DvB79H4Mzdne1GJwRii85Zk0ny5h28pIjUXaWnSV17sf22pY3wEd3WAnJMh4GpY6BPpHziVw6m0locW6xlMbA7xbXQxupHhIfTc1zCQ5pZlcNjJvrzj101mLp4eM/M89VHE/RSKK7NcYGKoB9g4HK8DZw5dCII9VKrzZJxdmaU7q6CIi4dCIiAIiIAiIgCIiALX4hjG0aT6rzDabS484AmBzK2FSPavj8uGp0Qb1n3+xT8R/8AbIpQjmkkck7K5zTGYmpXrPr1BLqpk3EA7NubgC3oNisVLD5s48znXHSYgH5R0zD6xXp2gyzY3s6LtnQA6ETpeeiycGP/ADLbGMpgXMECpOrdQZ3BvfkvVm1Tg2uSM9GHaVYxfNpe7JXilQ06NOhR/XVYYznJ1fbe+vN0qvcew+XFuzEFzbOIhw/RsEtneMsH8tVI8To1mYgYl4LRRcAxpBnwyQ4bG4L7ToLFR1WXPBN4HUzeBc3Olp+AOo5Qo9lSS/yesvXl6fJbjsT29d5eCOkfTn6/Br4hnW8x6EQ29jPl9fxGNjjvMmANT7h6k++OSyd2PEZsBIGg5+ukb/NfAbx12ubFgtGtmn5K63MyG1hsRlJLeZnoCXa8vINSF5LyNfnAiIiLjk06/AFa7GRexcBzO19iYv1Gui2K06/CTyBqDoJ8Q1hN9weKwBM7zc3m5HmjxD1JGmixNdGVpBGloO8EtEXGsWjXQ6rJrpzPOxJvyIN+h55ltcP4bVrk92zvC0AvEtBj9FJgkT6BcdkrnVd6Go2LCfq3B+q1gkdAfx12Puo4ix030GocLzpcATbrBssmIpOY8sdTcwg6EEO01LTedtPUnRfHNlodl3yzsDsMwIHwkfDyrr6HDDX4g6ngDQaCx9HEtqZxbMxzanmGmrm9CNrXlvpDcdhwRaqyJaNnalsbtcBIvqImQoetTuHDfwui0tzAG4gnl8RcrUwWIOEqtfJLHAZgNS03Jjm0iRzyxus9ahnWaPFHVdehswmJVJ5J8E9H0b5+hJtMVBlHlEZfRogXGpcHa79SVI4Cq1pgtmLb2aAwE/LKdtea0qzMmIqtHvBr6ZBJ8LoBIPIVGR6X3WDh9XxOJAEFobP2A4ai5iLZvhysp1VNKS5metSdOThLdF+7IcS+j4oNcfBWIY7lm9x3S9vR3RdSXB6D3Fo1vJkxfkR4j67ei7bwnFd7Rp1PrNBPrv8AeseMisyl4ltC7i+htoiLGXBERAEREAREQBERAFzT2tYaTSq5j4ZYGwCPrFwGsnSP2ei6WuR9tuNCq19Fzm5mVqoAHmDRUcAXEAgC7Y0PhdKvw6bmV1HZFNqxIAAgmLhnmhsDUDQO0GyzcLL3YmnkHiNOs1oAEktpOcIgelp1lR+IOZsgXHM+8IbqJbBPhN9HE9Rt8LxZaDWpEh7WOIIOli0lttS14O20br0J2l3Smm2pXW/1LDxllenSpYeoGhvic2mPMAbeMDwi55H0WHAdmMTVe5jWsa9sZ2ufTBaD9ZjSXAHewPwstrivEqlfGPNOS7D5WtAE5e5HicB9trjubD1FgwtarmJw+b9GKLczKLspD3OGQMqeI3cKjnkgmJkCJx/iOMq0n3bJvXorlOGhFRUdbI1cD7NQAe+rASIIptvHR7/zBUhU4JwvDSKga52V7oqOLy4Mzud4PL7rttoX0cNxmI/XS1ru7LmufAAcYrNYGkn9X4QCBrMySveE7IFxd31R4DHDuhTyMbZkioBBMh9WqMrjBkyIK+eqYyrP82t6R0+Ddltwx9yH7Wuw5wjBTpU6VUOBe1jQMuUupvbnAEgVCW6GSwwDCoxa6HC/hBIJgRvp/tP2V0HtTwdlChXIJ8b6IbmeXOMOc9xgmbuqO8I5TBm9FptOV0x5Y+MRH3bwb6Wv7/4Q1Kho3u/hMzVr5tTC+lE5QJuBOg8b9Nx5dBZbvAOKfRq7agBcBLXtBHiYe6Dg08xlzC4u0TCxFhMwJ1+EuqibX3Giw1qYnQGZiY587yBPXT3SvSlFNWZXF2d0dP4g2hWaMr21KbrtD2ZmETq10FgPwDtpCi/+FMFF2HBc3PVFQZRmADWMa4Mc55JBMxm00uBJhuyPEKVIONWs5pJAawmp3cFrHFzoa5pM+EZ9p1JCtOGqUXNBaWXLgCwtJcWgl/1XNIAaTIECJ3nEqUoNpPQ2dvnXfSfz5XI/A9jKTvOysQbEFwg7Xmk2fUH0sqR234cKVWpTaJdSDfEYu3L4gY8NiQLcosSui8Wq1qFLPREQ4DM4PkAuaGuALoNyQZJFxY7UHE4c5wc8nPr+0XEuB3zHMd+Xo67D9pdybKa8oSWVRt7mlw+p3uFo1IvQcabp0yQCD1AytEdXc1qUXZRAmXucP2tmk6xowmCNCIiFtYbAtw9GuxlcVm1qrMj8jqf6shxLqerHAkgi1o2IUbhRNUjanaD9bMSZjTxT8lClo2l4u337l2J1yN75Vf00+LFiw1SJkx5REj1NiQDGlrrr/YWuHYOne4BBHK8/7/FcVw/gtMam1ugmHNB1+/RdO9l2MtVoxGWHN00kg2HWF3Fxbgn4FWHkk3F8/n7uXxEReaaAiIgCIiAIiIAiIgPNR0AnkDrouN9ucCQRjMuTNVqUe7hwc7JLTUiYEuY/a4LTqST1fjNaKbmjLmeHAB3pcxvqLW1ibrl/tHxIcaVIE2aalyTl70nu7bGKZJ9TzV+Hv2isV1LZdSqYnDCRaO8a7aDe7Z3mwTs+f0rmOh3eDNliATnGZvrefRwXovOVrjJDct9wWmSDA5E/MRY2+U2BtRrm5ozNvyLcszAIuAOltdh6FZZovLuVYeahUTltc2ey3E3MrGtmyvc6p43Dwte9kAka2LpgAnlMK44LtZSw9MtpUi57y573Eua3NlA1cM7zDQC5waXEE2lc84VWBYcwAeXvzDeZkixnf89AVvUmu0aJtla0DczyEb/73VeLwlLE1XOovTyK4N01aJZOJdscW6A2o2nINmMBO0ebMfwVexnEcQ8EvrVHW957i3paSI/Hk7VTGA4JUqv7rI5rzJDXeEgaydtNt950E6/sBXgw+lIB8MkkzsZbF+c33PJGjhqOiil6anb1JHPaTYJzTJ5i+9jEki37XovTgIBN5BEyIjwAwQCMskwCPgrpwbsg2rQ76tWbSpybuEz4olxe6wzWgk3WXAdjcPVrup08Rnaym052gOBJcRl80WgH5K11Iq6vt5kVCTKVTEDzWdzts4ySCd3TaR6LPUpyJ3n4gzYHmRpeTby7q5Vex1J1Ko/DYgVTTnM0t1IEwb3MfHqFvYDsrhzh2Va1YsDx0aBPugna2m+6520Frcl2cjmjabpLYMHnA2A0kSIjX5FbODxNRjHMa4hj2nMwWac1Om0wNBIdHpawXRH9gKLXBv0kNe6cjcomBybnl0AbKt0eydb6UcMC0uaJzGcuUCmQ4kCb5QNNSuxqU5rc44SRG4TnpJaSBzLy64GpgLzjmi5A80jSPFLiBOhmRa/oVN//ABjENqOpgBzmBpdHiGUggWPrp+GphuNPLGOeIhoIqNdyGpHp/YsArFJPYrs0VXF4+WFwDXB7vDsXCmXSdB7pDdLkjkQfvDGHKdzeTzgBrSesvNunxWlxBznmm8gtc4GGWhrC/M11oAcbk6CA1b2FdMNB8OwETDbRbnP3fPNB3k2zVV0tHw8SXzt8w3tMa5QDE6Rprb0gz0f2cYXu2io+A6tLaY/ZYXTrBk5RzPgkrm7qTjTgdBJgiXOjTcRHw9Va+AY8t7unOVpdmYfE4teQ0NeIub2I3DnDS4trRcotFFNpSOuIsOCxAqU2VBo9rXD0cJ/NZl5DVtDcERFwBERAEREAREQHMe3/ABMuxHgMdwMrCDcPdBe4cjo31B5hVDtDxr6U+jVeGteGGnUjR7gZD2jbwyD9qyl+1PZ+vhqrn1PHTe4nvQIBc4lzs491xuTNrAycsir1mZc4uTLSZF7GTItE/gekr1aajlTXIySbu7mWpUPiEiDIBsNxGsSIdMzvbro1HxFxf1kEdIB1zNvYS0CFIYMe76ixdeLSIfOkbHZRuKY0uLXCbyRJvPhLvEBBkHmYvfVs5+JCJ7NcNrB7f+6YqNGhqatcORcQQR/rbons+rOYzGFgGenTDmEgEgjNYb3tbouS8Pe1wfTcSYcYdq4AkEX5iJG2yuvYLiL6GLo+KQ85KxMBpzQCT6EA67dFW3mp2Rdd57s6hSxPf/QMS2JLnNfH7VN4cPQOafmtrAYEU8ViKgqNc6qGkUhGcBoFzJ5n71UMVxbDYM0qdOuKlNuINVxaQRTaQWim0gw45Z3/ABXxnaukMc7Ehj8pphpaYDvdE2JGwVHZSlfLtb63sSzpbk5w/uhw4jENdkD3B7W6g99YW/ahYOxrqP0ut9HDhT7tsB2syJ1J3ULw3toGiqw0W1abqjnAEixc8nK6xBg3ExraV4w3bMMxLqtPDtaHMFPIDlFng5tBc5wNNlY6c7SVt+unsQzxuuhb+BUMOynifo9R1Sc2fMIyuyusPCPzUTxp0cJo/wAP+ZVvhPa7uBVApyKxJJcYy2M23InTW2i+8Q7RGphG4YsgMI8UgkwXN09ZUo0ZKd+qDqLL6F14yJx+DHR33An8lG4hxdxgAe7ln0FHOoOv20z16GIdS/Vtd4GuJmQRcxY+LkdFkw/amizGOxT2OyvaQA2HEGGNmTAIABnSJuoxpyiv229bhzTfqWfh+OJ4niBMMbTbm5S0MifTM771yLtNxVppVSNHio3mZfmAj7gf9NbbX7R0m0cab97iqpYOjHk6kaENc6y55VyioKboyU3OmNjke0ERuM2bpHwVkFkb9F7HJWkfONFvfNLT7hdA91zjBixtDZXrBP8ATaL6jXQ3O20dOUVxmuTWAmfC0SNCB+EzKksE+2p+J/KRtzPu/KMZd9hrQnWVIADiQDOpI3dEZovA13lS/D62V1N2UHIWkg82uDmsHw1VdpsBcNBAGgb7xi8C4gddeqmcGLSNTOogkudv8o9TyNtW6sUPQ6z2R4t39NwIa00yAGt0DI8InfQieinlyvsdxju8UwAju3+Bx28RhsfxQN76xK6ovKxNPJPTY2UpZo6hERZy0IiIAiIgCIiAi+00fRqkiQQ0R6uA/Ncu4/2WeAatAF4Iuy7nD5u8Q9BMc9V0vtXVik1v13t+TfFPzA+a0MOYCiq8qc+6aIUI1KepxinVuWkzfQ87XkWIMfMfON7RYpuWB5iBcaxAOnXTn4fgOx8a4Bh8Rd7Id9dlnb/A6nUbqkHsSw46gO9c4Oq05blAOVpBIkWFm7BbP6yMo25mZ4ScXfkVPh+DDGPpOtVDnB7bWqNJF41gtyx06rbwVR1y4AFsTckEXMg/V8MH/dY+J0y3iWNzb4uuR6Gs8j5grawtOZEiQ3cwCXPBJ+GQfPnrfTk8qKsqcn5P4uZGNjK3U7kidSNfjAibQLWW6yqbEiZA05zmj5ba+uq1KVNxqTY+K1r2LiNfsg2I1Wet4WmeUdIEyNLiTyPUBaV4mdnrAkFoI1k2GgE2A3iIsLRrGq+Nqw8TEEHWDqG7GxHh1mL6mF9wrQAW3OWAZF9JAtM2uAJ6NGqUic+53BEfWYZsTPlMmTG5upLYizXxNOZub2Mk6epGnQiOQC3WvzXuJJsbH9Y4/wCaPVYOIN83x/pXtzcwseZHxe8gwTuCIPh6HZLWegMAqe7FoG/PLYQDe2mvRbNa9IxqCL6x+OnzHJu+DEN8pgmQ5snU+AkbaX0gfmdnBkGR7pB0sYkkRyGWIFh6ri3D2NNjS9pa3zODSPUaNvMdJtFxIsNWowGnUqBoJzvO/imAD6kgfCB1WxghlqzMQb/xEadZBHy3XythIovw4s6nLJOhyDzW0zAB38Uekdc1ujLUu5fqio0cIXUHYoz/ANQKJGwz0zUG0+66b8lKYOtLfT53PLfb/eIVn7G8JbV4FxGhmHeU8Q2pmFxDW0nD4Q14+K1+C9i6pALq1NreTQ5xPzhedCsoXzM09lKfCjTwFXcCbGCJMQIzcgLc9hrEmx8C4VVrFhbYEgB5AyCfCAHXLhFpDYteFN8L7K4enBcO8cNC+CBpoNNhrJsp+sfDa0aJLH20gWQwPOTJPgPY+jh4c6atTXM7QH9hmg0HPyhWNeab5AI0IB+a9KmUnJ3ZBRS0QREUToREQBERAEREBW+0ZmswbNYT/MYP9K06r4C2e0B/5kfu22/ieorGmxhZp8TPSoruI16mN6+8B8wf9Fi7P0u84lSP/jbUef5cn4vCi8RWiet/kVO+zg569d//AI2U2g9ahc4/cxqQ1kK3dgzn/ajhGTiOLcTI74uE7l4FSLbAPH3LSywTIIJAkcmRN40BFvuvtI8V4t9KxVV+jKtZgHIND2Uw71yxPqdls8fwMvDgLOEdZljbHay9iFXLKMHzX/P5PKVCU6U6ng17Pn72I/CANgnaZPoxo/ElecugFxPObj84A5wPq6r03Vo0bc84A35kW+43MGPrGXOpAJ5aBzgBOkW3sLnW62GM9tcJi0QJNupm9iOp3Pm3XxrjJAMExe8nxMEkHUeLWSbGCs5DXWOtrfxQTOoMO+/U6rDh6RyzmgS0mb3LWOgAc3HaD67d1OGKtUcJdYgX3t4bTNx8f5ivdN0yPqknTLudW7bGZaDNyV7qNEAXIMgak8j1nnobXBWHDwJibGOckT5covvECbatXAZqwlhFp1HOwGn8szGpsDvgwph2aTBEmZOuQnlrmi1+YKkeHklwEWl0EREFo5dQZ11F7rQc3Lbl+baZA+bUl4heBu4XDA1sx0EGeoNvvkqIc8mnW8Ul9SoTEHwnLIBGm49ApuvR7zDVoMGAcw2aTDjIF/CCR1+KjuCcLDaefMdDmAMCc0lro1MSI/CYWZZnVm30S++tzZiJxp4amo87t+d7f6se/Yc7O/iGEdrXw0x1YXMN+c1h/YVj4PX/AEU8h+SgPZjR7ji7A7Wp31P1Bpuqf/mFI4aWValEe5Ve34NeR+S8vE08srG3ByumXGkbLJEhadNy2aBWc18i18FqTRbPuy35G33Qt5RvAB+i/icpJaVsebPiYREXSIREQBERAEREBUu0P/Vj90z+t60Mbp8ERZZcTPUpcCKxxDT4fmVY/ZT5MX+8Z/hoi7S4iGJ4Dj+F8v8AJ+Sv/HPI37bfxRF6lb86n5v6GfDfpa3kvqVp/uej/wDDC9s/Xt9T/ivRFu5nkGzR0b8P8Qr5R/Vn+D+imiKxEDXd5X/u2r1W1r/ZZ+ARFHl99TpJ8M/WVPVv9K0Mdq/0Z+DERSlwnFuS/BfJW+1U/patfh2p+yP8q+osi46n7TTi/wBLS85fKPPB/wD7jCfvHf4L1tVf+vxX7+p/UURY8fxmzAFho6fL8Vt4bU+v5BfUWDmejyLL2e/VfxO/FSaItEdjzZ8TCIi6QCIiA//Z"
Liam Livingstone ,7,900,Foreign_All_Rounders ,https://static.toiimg.com/photo/120897601.cms
Brydon Carse ,7.5,800,Foreign_All_Rounders ,"https://img1.hscicdn.com/image/upload/f_auto,t_ds_square_w_320,q_50/lsci/db/PICTURES/CMS/325900/325908.1.png"
Marcus Stoinis ,9,950,Foreign_All_Rounders ,https://documents.iplt20.com/ipl/IPLHeadshot2025/23.png
Marco Jansen ,8.5,950,Foreign_All_Rounders ,https://documents.iplt20.com/ipl/IPLHeadshot2025/586.png
Azmatullah Umarzai ,7.5,750,Foreign_All_Rounders ,https://documents.iplt20.com/ipl/IPLHeadshot2025/1354.png
Cooper Connoly ,7,800,Foreign_All_Rounders ,https://d13ir53smqqeyp.cloudfront.net/fc-player-images/30041.png
Sunil Narine ,9.5,1000,Foreign_All_Rounders ,https://documents.iplt20.com/ipl/IPLHeadshot2025/156.png
Cam Green ,9,1000,Foreign_All_Rounders ,https://www.wisden.com/static-assets/images/players/66870.png?v=23.77
Corbin Bosch ,8,800,Foreign_All_Rounders ,https://documents.iplt20.com/ipl/IPLHeadshot2025/1041.png
Glenn Philips ,8.5,900,Foreign_All_Rounders ,https://documents.iplt20.com/ipl/IPLHeadshot2025/635.png
Will Jacks ,8.5,900,Foreign_All_Rounders ,https://static.toiimg.com/photo/120897186.cms
Jacob Bethell ,7.5,800,Foreign_All_Rounders ,https://documents.iplt20.com/ipl/IPLHeadshot2025/869.png
Ms Dhoni ,10,1000,Indian_Wicketkeppers ,https://documents.iplt20.com/ipl/IPLHeadshot2025/57.png
Sanju Samson ,9,900,Indian_Wicketkeppers ,https://upload.wikimedia.org/wikipedia/commons/thumb/7/70/Sanju_Samson_in_PMO_New_Delhi.jpg/250px-Sanju_Samson_in_PMO_New_Delhi.jpg
Ishan Kishan ,9.5,900,Indian_Wicketkeppers ,https://documents.iplt20.com/ipl/IPLHeadshot2025/164.png
Dhurv Jurel ,8.5,800,Indian_Wicketkeppers ,https://documents.iplt20.com/ipl/IPLHeadshot2025/1004.png
Lokesh Rahul ,9.5,1000,Indian_Wicketkeppers ,https://documents.bcci.tv/resizedimageskirti/1125_compress.png
Abishek Porel ,8,600,Indian_Wicketkeppers ,https://encrypted-tbn0.gstatic.com/images?q=tbn:ANd9GcQDjwfAQ_UJNeijzMeCF_PdbwRiXBJA7rtmmA&s
Rishabh Pant ,9.5,1000,Indian_Wicketkeppers ,https://upload.wikimedia.org/wikipedia/commons/7/77/Rishabh_Pant.jpg
Jitesh Sharma ,9,900,Indian_Wicketkeppers ,https://documents.iplt20.com/ipl/IPLHeadshot2025/1000.png
Kumar Kushagra ,7,700,Indian_Wicketkeppers ,https://documents.iplt20.com/ipl/IPLHeadshot2025/3101.png
Anuj Rawat ,6,600,Indian_Wicketkeppers ,https://documents.iplt20.com/ipl/IPLHeadshot2025/534.png
Robin Mins ,7,700,Indian_Wicketkeppers ,https://documents.iplt20.com/ipl/IPLHeadshot2025/3103.png
Urvil Patel ,8,700,Indian_Wicketkeppers ,https://documents.iplt20.com/ipl/IPLHeadshot2025/970.png
Kartik Sharma ,7,600,Indian_Wicketkeppers ,"https://img1.hscicdn.com/image/upload/f_auto,t_ds_square_w_800,q_50/lsci/db/PICTURES/CMS/410400/410481.jpg"
Vishnu Vinod ,7.5,600,Indian_Wicketkeppers ,https://documents.iplt20.com/ipl/IPLHeadshot2025/581.png
Ben Duckett ,7.5,800,Foreign_Wicket_Keepers ,https://www.delhicapitals.in/static-assets/images/players/ipl/63082.png?v=2.15
Quinton De Kock ,9,900,Foreign_Wicket_Keepers ,https://encrypted-tbn0.gstatic.com/images?q=tbn:ANd9GcTiYSpJ-KUg6mwTLPbvy0rjYkQWjxLVajiZXQ&s
Jos Buttler ,9.5,1000,Foreign_Wicket_Keepers ,https://documents.iplt20.com/ipl/IPLHeadshot2025/182.png
Heinrich Klassen ,9.5,1000,Foreign_Wicket_Keepers ,https://documents.iplt20.com/ipl/IPLHeadshot2025/202.png
Tim Seifert ,8,700,Foreign_Wicket_Keepers ,https://images.mykhel.com/webp/images/cricket/players/9/7129.jpg?v=5
Ryan Rickelton ,8,800,Foreign_Wicket_Keepers ,https://documents.iplt20.com/ipl/IPLHeadshot2025/743.png
Mitchel Owen ,8,750,Foreign_Wicket_Keepers ,https://documents.iplt20.com/ipl/IPLHeadshot2025/3870.png
Jordan Cox ,7,700,Foreign_Wicket_Keepers ,https://encrypted-tbn0.gstatic.com/images?q=tbn:ANd9GcSoDpje6WDaZvmdnPTZK6IQ05S1NedStp2XDg&s
Josh Inglis ,8.5,900,Foreign_Wicket_Keepers ,"https://img1.hscicdn.com/image/upload/f_auto,t_ds_square_w_320,q_50/lsci/db/PICTURES/CMS/324200/324232.2.png"
Pathum Nisanka ,7.5,650,Foreign_Wicket_Keepers ,https://img.ipl.com/upload/20251220/fec7eab011e92be9c8e59aa6fc0661d4.jpg
Ruhan Dre Pretorius ,7,700,Foreign_Wicket_Keepers ,https://documents.iplt20.com/ipl/IPLHeadshot2025/2827.png
Jasprit Bumrah ,10,1000,Indian_Fast_Bowlers  ,https://documents.iplt20.com/ipl/IPLHeadshot2025/9.png
Mohm Siraj ,9.5,1000,Indian_Fast_Bowlers  ,https://documents.iplt20.com/ipl/IPLHeadshot2025/63.png
Arshdeep Singh ,9.5,1000,Indian_Fast_Bowlers  ,https://documents.iplt20.com/ipl/IPLHeadshot2025/125.png
Bhuvneshwar Kumar ,9.5,1000,Indian_Fast_Bowlers  ,https://documents.iplt20.com/ipl/IPLHeadshot2025/15.png
Deepak Chahar ,8.5,900,Indian_Fast_Bowlers  ,https://documents.iplt20.com/ipl/IPLHeadshot2025/91.png
Sandeep Sharma ,9.5,900,Indian_Fast_Bowlers  ,https://documents.iplt20.com/ipl/IPLHeadshot2024/220.png
Vijay Kumar Vyshak ,8,750,Indian_Fast_Bowlers  ,https://encrypted-tbn0.gstatic.com/images?q=tbn:ANd9GcSkd9AnY8GIuJqh3ZI5cYSKdpGI5DPB551G-Q&s
Shardul Thakur ,8.5,900,Indian_Fast_Bowlers  ,https://documents.iplt20.com/ipl/IPLHeadshot2025/105.png
Avesh Khan ,8,800,Indian_Fast_Bowlers  ,https://documents.iplt20.com/ipl/IPLHeadshot2025/109.png
Mohm Shami ,9,900,Indian_Fast_Bowlers  ,https://encrypted-tbn0.gstatic.com/images?q=tbn:ANd9GcTnFzvB9NG74q7rS8MjSW_zD1pBRBat5YDHmw&s
Mohsin Khan ,8,800,Indian_Fast_Bowlers  ,https://documents.iplt20.com/ipl/IPLHeadshot2024/541.png
Mayank Yadav ,8,800,Indian_Fast_Bowlers  ,https://documents.iplt20.com/ipl/IPLHeadshot2025/1225.png
Prince Yadav ,7.5,700,Indian_Fast_Bowlers  ,https://documents.iplt20.com/ipl/IPLHeadshot2025/1225.png
Vaibhav Arora ,7.5,700,Indian_Fast_Bowlers  ,https://documents.iplt20.com/ipl/IPLHeadshot2025/583.png
T Natrajan ,8,800,Indian_Fast_Bowlers  ,https://documents.iplt20.com/ipl/IPLHeadshot2025/224.png
Mukesh Kumar ,8,750,Indian_Fast_Bowlers  ,https://documents.iplt20.com/ipl/IPLHeadshot2025/1462.png
Ishant Sharma ,8.5,900,Indian_Fast_Bowlers  ,https://documents.iplt20.com/ipl/IPLHeadshot2025/50.png
Prasidh Krishna ,8.5,900,Indian_Fast_Bowlers  ,https://documents.iplt20.com/ipl/IPLHeadshot2025/150.png
Akashdeep ,8,800,Indian_Fast_Bowlers  ,https://documents.iplt20.com/ipl/IPLHeadshot2025/1007.png
Khaleel Ahmed ,8,700,Indian_Fast_Bowlers  ,https://documents.iplt20.com/ipl/IPLHeadshot2025/8.png
Auqib Nabi ,7,600,Indian_Fast_Bowlers  ,"https://img1.hscicdn.com/image/upload/f_auto,t_ds_square_w_800,q_50/lsci/db/PICTURES/CMS/405500/405519.jpg"
Shivam Mavi ,7,600,Indian_Fast_Bowlers  ,https://www.lucknowsupergiants.in/static-assets/images/players/66984.png?v=12.82
Anshul Kamboj ,7,600,Indian_Fast_Bowlers  ,https://documents.iplt20.com/ipl/IPLHeadshot2025/3106.png
Rasikh Salamdar ,6,500,Indian_Fast_Bowlers  ,https://documents.iplt20.com/ipl/IPLHeadshot2025/172.png
Josh Hazelwood ,9.5,1000,Foreign_Fast_Bowlers ,https://encrypted-tbn0.gstatic.com/images?q=tbn:ANd9GcT7VAPJbQJYhsSLXEDFZstLi-bNMa1vlrQs3g&s
Nathan Ellis ,9,900,Foreign_Fast_Bowlers ,https://documents.iplt20.com/ipl/IPLHeadshot2025/633.png
Mitch Starc ,9,1000,Foreign_Fast_Bowlers ,https://static-files.cricket-australia.pulselive.com/headshots/288/724-camedia.png
Pat Cummins ,8.5,1000,Foreign_Fast_Bowlers ,https://documents.iplt20.com/ipl/IPLHeadshot2025/33.png
Luke Wood ,7,750,Foreign_Fast_Bowlers ,https://static-files.cricket-australia.pulselive.com/headshots/288/354-bbl.png
Jacob Duffy ,8,800,Foreign_Fast_Bowlers ,https://encrypted-tbn0.gstatic.com/images?q=tbn:ANd9GcRpFd0u4jQJ8UpNDrcH_ccX1Jbvo0czYS5FFA&s
Trent Boult ,9,900,Foreign_Fast_Bowlers ,https://documents.iplt20.com/ipl/IPLHeadshot2025/66.png
Kagiso Rabada ,9,900,Foreign_Fast_Bowlers ,https://documents.iplt20.com/ipl/IPLHeadshot2025/116.png
Lungi Ngidi ,8,800,Foreign_Fast_Bowlers ,https://static.toiimg.com/photo/120897599.cms
Anrich Nortje ,7.5,700,Foreign_Fast_Bowlers ,https://documents.iplt20.com/ipl/IPLHeadshot2025/142.png
Lockie Ferguson ,7.5,700,Foreign_Fast_Bowlers ,https://documents.iplt20.com/ipl/IPLHeadshot2025/69.png
Matt Henry ,8.5,650,Foreign_Fast_Bowlers ,https://encrypted-tbn0.gstatic.com/images?q=tbn:ANd9GcSdmtANj0qRWfAKZwcqW3E6pcaWsAcQ1TP-vg&s
Pathirana ,8,800,Foreign_Fast_Bowlers ,https://testcf-documents.iplt20.com/ipl/IPLHeadshot2025/1014.png
Jofra Archer ,8.5,850,Foreign_Fast_Bowlers ,https://documents.iplt20.com/ipl/IPLHeadshot2025/181.png
Chamira ,7,700,Foreign_Fast_Bowlers ,https://documents.iplt20.com/ipl/IPLHeadshot2025/608.png
Xavier Bartlet ,7,700,Foreign_Fast_Bowlers ,https://documents.iplt20.com/ipl/IPLHeadshot2025/3572.png
Ben Dawshius ,7,700,Foreign_Fast_Bowlers ,"https://img1.hscicdn.com/image/upload/f_auto,t_ds_square_w_320,q_50/lsci/db/PICTURES/CMS/412800/412833.5.png"
Kylie Jamieson ,8,800,Foreign_Fast_Bowlers ,https://documents.iplt20.com/ipl/IPLHeadshot2025/382.png
Nandre Burger ,7,700,Foreign_Fast_Bowlers ,https://documents.iplt20.com/ipl/IPLHeadshot2024/2806.png
Adam Milne ,7.5,650,Foreign_Fast_Bowlers ,https://www.rajasthanroyals.com/static-assets/images/players/11933.png?v=7.48
Yuzi ,10,1000,Indian_Spinners ,https://encrypted-tbn0.gstatic.com/images?q=tbn:ANd9GcSaEkyxu5m_lbL5_tWlKZCwG2HFlCBhnB2c1g&s
Kuldeep Yadav ,9.5,1000,Indian_Spinners ,https://documents.iplt20.com/ipl/IPLHeadshot2025/14.png
Varun Chakravarty ,10,1000,Indian_Spinners ,https://documents.bcci.tv/playerheadshot/bcci/1000*1280/11100.png
Rahul Chahar ,8.5,800,Indian_Spinners ,https://www.punjabkingsipl.in/static-assets/images/players/66823.png?v=6.37
Ravi Bishnoi ,9,800,Indian_Spinners ,https://documents.iplt20.com/ipl/IPLHeadshot2025/520.png
Sai Kishore ,8,700,Indian_Spinners ,https://documents.iplt20.com/ipl/IPLHeadshot2025/544.png
Suyash Sharma ,7.5,650,Indian_Spinners ,https://documents.iplt20.com/ipl/IPLHeadshot2025/172.png
Vipraj Nigam ,8,650,Indian_Spinners ,https://documents.iplt20.com/ipl/IPLHeadshot2025/3560.png
Divgesh Rathi ,8,700,Indian_Spinners ,https://encrypted-tbn0.gstatic.com/images?q=tbn:ANd9GcS4sk-speK3VhaJPtZ6JpKvuTDMnMPJurgkkg&s
Harpreet Brar ,8,700,Indian_Spinners ,https://documents.iplt20.com/ipl/IPLHeadshot2025/130.png
Shreyas Gopal ,7.5,650,Indian_Spinners ,https://documents.iplt20.com/ipl/IPLHeadshot2025/192.png
Harsh Dubey ,7.5,600,Indian_Spinners ,https://documents.iplt20.com/ipl/IPLHeadshot2025/1494.png
Prashant Solanki ,7,600,Indian_Spinners ,https://encrypted-tbn0.gstatic.com/images?q=tbn:ANd9GcTiKau9xGbxppU0THaDNopAeCbqkOYIJM571w&s
Mayank Markende ,8,700,Indian_Spinners ,https://documents.iplt20.com/ipl/IPLHeadshot2025/87.png
Swapnil Singh ,8,700,Indian_Spinners ,https://documents.iplt20.com/ipl/IPLHeadshot2025/1483.png
Noor Ahmed ,9,900,Foreign_Spinners ,https://documents.iplt20.com/ipl/IPLHeadshot2025/975.png
Rashid Khan ,10,950,Foreign_Spinners ,https://static-files.cricket-australia.pulselive.com/headshots/288/272-camedia.png
Allah Gazanfar ,8.5,700,Foreign_Spinners ,https://images.icc-cricket.com/image/upload/t_player-headshot-portrait-lg-webp/prd/assets/players/5823/96648.png
Thikshana ,8,800,Foreign_Spinners ,https://documents.iplt20.com/ipl/IPLHeadshot2025/629.png
Wanindu Hasaranga ,7,800,Foreign_Spinners ,https://www.rajasthanroyals.com/static-assets/images/players/65027.png?v=7.48
Adam Zampa ,8,850,Foreign_Spinners ,https://documents.iplt20.com/ipl/IPLHeadshot2025/24.png